algorithm,mode,guide,guide_length,k,threads,index_time_ms,collect_time_ms,search_time_ms,total_time_ms,candidates,hits
array,serial,ACCATTACCCCCATCGCC,18,6,2,139.0,1.0,0.0,140.0,5405,2
array,serial,AGGGATGGTCGGCATGGC,18,6,2,0.0,0.0,0.0,0.0,3004,1
array,serial,AATTGATCAACACAGCGAC,19,6,2,0.0,0.0,0.0,0.0,2978,1
array,serial,ATGAGATGCTGA,12,4,2,123.0,16.0,4.0,143.0,70962,311
array,serial,AGTTGTACATGG,12,4,2,0.0,11.0,4.0,15.0,47663,113
array,parallel,ACCATTACCCCCATCGCC,18,6,2,130.0,1.0,0.0,131.0,5405,2
array,parallel,AGGGATGGTCGGCATGGC,18,6,2,0.0,0.0,0.0,0.0,3004,1
array,parallel,AATTGATCAACACAGCGAC,19,6,2,0.0,0.0,0.0,0.0,2978,1
array,parallel,ATGAGATGCTGA,12,4,2,117.0,18.0,6.0,141.0,70962,311
array,parallel,AGTTGTACATGG,12,4,2,0.0,12.0,4.0,16.0,47663,113
hash,serial,ACCATTACCCCCATCGCC,18,6,2,660.0,1.0,0.0,661.0,5405,2
hash,serial,AGGGATGGTCGGCATGGC,18,6,2,0.0,0.0,0.0,0.0,3004,1
hash,serial,AATTGATCAACACAGCGAC,19,6,2,0.0,0.0,0.0,0.0,2978,1
hash,serial,ATGAGATGCTGA,12,4,2,451.0,17.0,4.0,472.0,70962,311
hash,serial,AGTTGTACATGG,12,4,2,0.0,12.0,4.0,16.0,47663,113
hash,parallel,ACCATTACCCCCATCGCC,18,6,2,208.0,1.0,0.0,209.0,5405,2
hash,parallel,AGGGATGGTCGGCATGGC,18,6,2,0.0,0.0,0.0,0.0,3004,1
hash,parallel,AATTGATCAACACAGCGAC,19,6,2,0.0,0.0,0.0,0.0,2978,1
hash,parallel,ATGAGATGCTGA,12,4,2,199.0,18.0,4.0,221.0,70962,311
hash,parallel,AGTTGTACATGG,12,4,2,0.0,12.0,3.0,15.0,47663,113
